Scenario,Capacity,Threshold,Total Cost,Alerts,Fraud Captured,Missed Fraud,False Alarms,Precision,Recall
Conservative,50,0.439,120400,48,44,12,4,0.9166666666666666,0.7857142857142857
Conservative,100,0.019,72600,75,49,7,26,0.6533333333333333,0.875
Conservative,250,0.019,72600,75,49,7,26,0.6533333333333333,0.875
Conservative,500,0.019,72600,75,49,7,26,0.6533333333333333,0.875
Base Case,50,0.439,60600,48,44,12,4,0.9166666666666666,0.7857142857142857
Base Case,100,0.019,38900,75,49,7,26,0.6533333333333333,0.875
Base Case,250,0.019,38900,75,49,7,26,0.6533333333333333,0.875
Base Case,500,0.019,38900,75,49,7,26,0.6533333333333333,0.875
High Friction,50,0.439,25200,48,44,12,4,0.9166666666666666,0.7857142857142857
High Friction,100,0.027,21700,67,48,8,19,0.7164179104477612,0.8571428571428571
High Friction,250,0.027,21700,67,48,8,19,0.7164179104477612,0.8571428571428571
High Friction,500,0.027,21700,67,48,8,19,0.7164179104477612,0.8571428571428571
