Feature,Train_vs_Validation_PSI,Train_vs_Validation_Status,Train_vs_Test_PSI,Train_vs_Test_Status
Time,12.433664760324888,Significant Drift,12.433664760324888,Significant Drift
V1,0.9361892120875459,Significant Drift,1.0139895913433592,Significant Drift
V3,0.7767397850157624,Significant Drift,0.750465530852117,Significant Drift
V28,0.5306016630653835,Significant Drift,0.5319311518511142,Significant Drift
V11,0.32761328381615984,Significant Drift,0.33937169031075737,Significant Drift
V25,0.22003173735088238,Moderate Drift,0.2862704813610834,Significant Drift
V12,0.1914773387107263,Moderate Drift,0.21752918237802046,Moderate Drift
V15,0.20669091051417116,Moderate Drift,0.21740356784163012,Moderate Drift
V5,0.1502896186416159,Moderate Drift,0.16744182691044246,Moderate Drift
V22,0.17228658678470504,Moderate Drift,0.16434973622073146,Moderate Drift
V4,0.10445189468915358,Moderate Drift,0.14797322837936486,Moderate Drift
V26,0.10346650652243221,Moderate Drift,0.1458030107641427,Moderate Drift
V24,0.11626961597049254,Moderate Drift,0.13432698349523664,Moderate Drift
V23,0.11478197564186317,Moderate Drift,0.13327251412736574,Moderate Drift
V21,0.11615915590739075,Moderate Drift,0.1013294290922159,Moderate Drift
V14,0.06311617227446331,Stable,0.07878082576403624,Stable
V7,0.07734808553621955,Stable,0.07422186030971499,Stable
V6,0.05550150849688948,Stable,0.06750715403410508,Stable
V9,0.04862294099725511,Stable,0.06342110094790182,Stable
V20,0.05648337852192721,Stable,0.05483429456971904,Stable
V27,0.044998971958309396,Stable,0.04379884434604487,Stable
V17,0.03195067567817282,Stable,0.043376364261554834,Stable
V8,0.05903049533138289,Stable,0.04208348529313395,Stable
V13,0.047633121720990663,Stable,0.04035821253949344,Stable
V19,0.017621922471577976,Stable,0.03380030659977867,Stable
V10,0.034958372708924636,Stable,0.03305497749822423,Stable
V18,0.024799571369912038,Stable,0.027111482544318544,Stable
Amount,0.0025354323242170367,Stable,0.022774076130289075,Stable
V2,0.0206798301353299,Stable,0.021421358161011227,Stable
V16,0.003936638721888763,Stable,0.0107886248683643,Stable
