Transaction_Index,Time,Amount,Fraud_Probability,Decision,Risk_Band,Investigation_Priority,Actual_Class,Top_Reason_1,Top_Reason_2,Top_Reason_3,Top_Reason_4,Top_Reason_5,Reason_Codes,Top_Risk_Driver,Top_Risk_SHAP,Strongest_Risk_Reducer
263324,160895.0,127.14,0.999994158744812,REVIEW,CRITICAL,P1 — URGENT,1,V14,V10,V12,V4,V3,V14 | V10 | V12 | V4 | V3,V14,4.949312686920166,Time
262559,160537.0,4.69,0.9999897480010986,REVIEW,CRITICAL,P1 — URGENT,1,V14,V4,V10,V12,V3,V14 | V4 | V10 | V12 | V3,V14,5.324026107788086,V8
247995,153761.0,51.37,0.9999895095825195,REVIEW,CRITICAL,P1 — URGENT,1,V14,V10,V4,V3,V12,V14 | V10 | V4 | V3 | V12,V14,5.601320743560791,Time
243699,152036.0,1.0,0.9999867677688599,REVIEW,CRITICAL,P1 — URGENT,1,V14,V4,V10,V12,V3,V14 | V4 | V10 | V12 | V3,V14,4.631885528564453,Time
249828,154599.0,6.74,0.9999855756759644,REVIEW,CRITICAL,P1 — URGENT,1,V14,V4,V10,V12,V3,V14 | V4 | V10 | V12 | V3,V14,5.140219688415527,V8
281144,169966.0,245.0,0.9999808073043823,REVIEW,CRITICAL,P1 — URGENT,1,V14,V10,V12,V3,V7,V14 | V10 | V12 | V3 | V7,V14,5.525206089019775,Time
276864,167338.0,349.08,0.9999799728393555,REVIEW,CRITICAL,P1 — URGENT,1,V14,V10,V12,V4,V16,V14 | V10 | V12 | V4 | V16,V14,4.398264408111572,Time
251477,155359.0,0.77,0.9999771118164062,REVIEW,CRITICAL,P1 — URGENT,1,V14,V4,V10,V12,V3,V14 | V4 | V10 | V12 | V3,V14,5.0553879737854,V8
250761,155054.0,0.77,0.9999768733978271,REVIEW,CRITICAL,P1 — URGENT,1,V14,V4,V10,V12,V3,V14 | V4 | V10 | V12 | V3,V14,5.000235080718994,V8
252124,155662.0,0.77,0.9999754428863525,REVIEW,CRITICAL,P1 — URGENT,1,V14,V4,V10,V3,V12,V14 | V4 | V10 | V3 | V12,V14,5.010188102722168,V8
251866,155535.0,3.9,0.9999738931655884,REVIEW,CRITICAL,P1 — URGENT,1,V14,V4,V10,V12,V3,V14 | V4 | V10 | V12 | V3,V14,5.271071434020996,V8
243749,152058.0,1.0,0.9999723434448242,REVIEW,CRITICAL,P1 — URGENT,1,V14,V4,V10,V12,V16,V14 | V4 | V10 | V12 | V16,V14,4.245382785797119,Time
252774,155965.0,0.77,0.9999661445617676,REVIEW,CRITICAL,P1 — URGENT,1,V14,V10,V4,V12,V3,V14 | V10 | V4 | V12 | V3,V14,5.1746907234191895,V8
255403,157207.0,4.97,0.9999656677246094,REVIEW,CRITICAL,P1 — URGENT,1,V14,V10,V4,V12,V3,V14 | V10 | V4 | V12 | V3,V14,5.562877655029297,Time
243848,152098.0,1.0,0.9999510049819946,REVIEW,CRITICAL,P1 — URGENT,1,V14,V4,V10,V12,V3,V14 | V4 | V10 | V12 | V3,V14,4.663599491119385,Time
244003,152165.0,1.0,0.9999502897262573,REVIEW,CRITICAL,P1 — URGENT,1,V14,V4,V10,V12,V3,V14 | V4 | V10 | V12 | V3,V14,4.906548023223877,Time
263272,160870.0,0.77,0.9999486207962036,REVIEW,CRITICAL,P1 — URGENT,1,V14,V4,V10,V12,V3,V14 | V4 | V10 | V12 | V3,V14,4.955789566040039,V8
251904,155554.0,94.82,0.9999167919158936,REVIEW,CRITICAL,P1 — URGENT,1,V14,V10,V4,V12,V3,V14 | V10 | V4 | V12 | V3,V14,4.98597526550293,Time
244332,152307.0,1.0,0.9999152421951294,REVIEW,CRITICAL,P1 — URGENT,1,V14,V4,V10,V12,V3,V14 | V4 | V10 | V12 | V3,V14,4.798586368560791,V8
249963,154657.0,0.77,0.9999129772186279,REVIEW,CRITICAL,P1 — URGENT,1,V14,V4,V10,V3,V12,V14 | V4 | V10 | V3 | V12,V14,4.936525821685791,V8
258403,158638.0,296.0,0.9999115467071533,REVIEW,CRITICAL,P1 — URGENT,1,V14,V4,V10,V3,V16,V14 | V4 | V10 | V3 | V16,V14,4.792952060699463,V8
249607,154493.0,35.0,0.9998972415924072,REVIEW,CRITICAL,P1 — URGENT,1,V14,V10,V4,V7,V12,V14 | V10 | V4 | V7 | V12,V14,5.01248836517334,V8
248296,153875.0,0.0,0.9998929500579834,REVIEW,CRITICAL,P1 — URGENT,1,V14,V4,V10,V3,V12,V14 | V4 | V10 | V3 | V12,V14,5.25943660736084,V8
243393,151916.0,0.01,0.9998863935470581,REVIEW,CRITICAL,P1 — URGENT,1,V14,V10,V12,V4,V3,V14 | V10 | V12 | V4 | V3,V14,4.820667266845703,V28
279863,169142.0,390.0,0.9998822212219238,REVIEW,CRITICAL,P1 — URGENT,1,V14,V10,V12,V3,V16,V14 | V10 | V12 | V3 | V16,V14,5.357038497924805,V8
262826,160665.0,0.77,0.9998672008514404,REVIEW,CRITICAL,P1 — URGENT,1,V14,V4,V10,V3,V12,V14 | V4 | V10 | V3 | V12,V14,4.776749610900879,V8
261925,160243.0,156.0,0.9998363256454468,REVIEW,CRITICAL,P1 — URGENT,1,V14,V10,V4,V12,V16,V14 | V10 | V4 | V12 | V16,V14,4.827253341674805,Time
255556,157284.0,0.77,0.9997668862342834,REVIEW,CRITICAL,P1 — URGENT,1,V14,V4,V10,V3,V12,V14 | V4 | V10 | V3 | V12,V14,5.284161567687988,V8
243547,151972.0,57.73,0.9997230172157288,REVIEW,CRITICAL,P1 — URGENT,1,V14,V10,V12,V3,V16,V14 | V10 | V12 | V3 | V16,V14,5.441159248352051,V28
263875,161154.0,0.38,0.9996963739395142,REVIEW,CRITICAL,P1 — URGENT,1,V14,V10,V3,V12,V7,V14 | V10 | V3 | V12 | V7,V14,5.439474105834961,V8
249167,154278.0,1504.93,0.9995504021644592,REVIEW,CRITICAL,P1 — URGENT,1,V14,V10,V4,V12,V3,V14 | V10 | V4 | V12 | V3,V14,4.728108882904053,Time
268377,163181.0,39.98,0.9989595413208008,REVIEW,CRITICAL,P1 — URGENT,1,V14,V10,V12,V16,V7,V14 | V10 | V12 | V16 | V7,V14,2.6050631999969482,V25
261056,159844.0,45.51,0.9986557960510254,REVIEW,CRITICAL,P1 — URGENT,1,V14,V4,V10,V12,V16,V14 | V4 | V10 | V12 | V16,V14,5.326211452484131,V8
280149,169351.0,77.89,0.9986128807067871,REVIEW,CRITICAL,P1 — URGENT,1,V14,V10,V12,V7,V16,V14 | V10 | V12 | V7 | V16,V14,5.710019588470459,V4
280143,169347.0,0.76,0.9984229803085327,REVIEW,CRITICAL,P1 — URGENT,1,V14,V10,V3,V12,V7,V14 | V10 | V3 | V12 | V7,V14,5.45963191986084,V1
261473,160034.0,4.9,0.9935063123703003,REVIEW,CRITICAL,P1 — URGENT,1,V14,V12,V16,V26,V8,V14 | V12 | V16 | V26 | V8,V14,4.198153972625732,Time
274467,166023.0,2.0,0.9735915660858154,REVIEW,CRITICAL,P1 — URGENT,0,V14,V10,V4,V16,V12,V14 | V10 | V4 | V16 | V12,V14,3.084355354309082,Time
266590,162400.0,0.77,0.9525498151779175,REVIEW,CRITICAL,P1 — URGENT,0,V14,V10,V4,V19,V28,V14 | V10 | V4 | V19 | V28,V14,4.4070210456848145,Time
274475,166028.0,39.9,0.9487379193305969,REVIEW,HIGH,P2 — HIGH,1,V14,V10,V16,V4,V12,V14 | V10 | V16 | V4 | V12,V14,3.464017391204834,V8
248971,154181.0,0.76,0.929679811000824,REVIEW,HIGH,P2 — HIGH,1,V14,V10,V17,V16,V3,V14 | V10 | V17 | V16 | V3,V14,5.862363338470459,V4
247672,153653.0,247.86,0.9255965948104858,REVIEW,HIGH,P2 — HIGH,1,V10,V12,V4,V3,V7,V10 | V12 | V4 | V3 | V7,V10,1.2382780313491821,V8
276063,166878.0,0.77,0.8685418367385864,REVIEW,HIGH,P2 — HIGH,0,V14,V4,V10,V19,V25,V14 | V4 | V10 | V19 | V25,V14,4.071706295013428,Time
274771,166198.0,25691.16,0.812468409538269,REVIEW,HIGH,P2 — HIGH,0,V14,V4,V12,V10,V3,V14 | V4 | V12 | V10 | V3,V14,3.7664153575897217,V16
267760,162916.0,0.77,0.7987867593765259,REVIEW,MEDIUM,P3 — STANDARD,0,V14,V4,V10,V19,V8,V14 | V4 | V10 | V19 | V8,V14,4.168829917907715,Time
262971,160739.0,451.81,0.6679491400718689,REVIEW,MEDIUM,P3 — STANDARD,0,V14,V4,V19,V12,V15,V14 | V4 | V19 | V12 | V15,V14,1.827520728111267,V11
