Threshold,Weighted_Precision,Weighted_Recall,Weighted_F1,Weighted_Alerts,SMOTE_Precision,SMOTE_Recall,SMOTE_F1,SMOTE_Alerts
0.01,0.45348837209302323,0.75,0.5652173913043478,86,0.1826086956521739,0.8076923076923077,0.2978723404255319,230
0.02,0.5492957746478874,0.75,0.6341463414634146,71,0.25,0.8076923076923077,0.38181818181818183,168
0.03,0.5909090909090909,0.75,0.6610169491525424,66,0.2896551724137931,0.8076923076923077,0.4263959390862944,145
0.04,0.6290322580645161,0.75,0.6842105263157895,62,0.3253968253968254,0.7884615384615384,0.4606741573033708,126
0.05,0.65,0.75,0.6964285714285714,60,0.35344827586206895,0.7884615384615384,0.4880952380952381,116
0.06,0.6964285714285714,0.75,0.7222222222222222,56,0.35964912280701755,0.7884615384615384,0.4939759036144578,114
0.07,0.6964285714285714,0.75,0.7222222222222222,56,0.38317757009345793,0.7884615384615384,0.5157232704402516,107
0.08,0.7090909090909091,0.75,0.7289719626168224,55,0.3904761904761905,0.7884615384615384,0.5222929936305732,105
0.09,0.7222222222222222,0.75,0.7358490566037735,54,0.39805825242718446,0.7884615384615384,0.5290322580645161,103
0.1,0.7222222222222222,0.75,0.7358490566037735,54,0.40404040404040403,0.7692307692307693,0.5298013245033113,99
0.11,0.7358490566037735,0.75,0.7428571428571429,53,0.4166666666666667,0.7692307692307693,0.5405405405405406,96
0.12,0.75,0.75,0.75,52,0.43478260869565216,0.7692307692307693,0.5555555555555556,92
0.13,0.78,0.75,0.7647058823529411,50,0.449438202247191,0.7692307692307693,0.5673758865248227,89
0.14,0.78,0.75,0.7647058823529411,50,0.45454545454545453,0.7692307692307693,0.5714285714285714,88
0.15,0.78,0.75,0.7647058823529411,50,0.45977011494252873,0.7692307692307693,0.5755395683453237,87
0.16,0.78,0.75,0.7647058823529411,50,0.45977011494252873,0.7692307692307693,0.5755395683453237,87
0.17,0.7959183673469388,0.75,0.7722772277227723,49,0.4588235294117647,0.75,0.5693430656934306,85
0.18,0.7959183673469388,0.75,0.7722772277227723,49,0.47560975609756095,0.75,0.582089552238806,82
0.19,0.7959183673469388,0.75,0.7722772277227723,49,0.4875,0.75,0.5909090909090909,80
0.2,0.7959183673469388,0.75,0.7722772277227723,49,0.4936708860759494,0.75,0.5954198473282443,79
0.21,0.7959183673469388,0.75,0.7722772277227723,49,0.5,0.75,0.6,78
0.22,0.8125,0.75,0.78,48,0.5064935064935064,0.75,0.6046511627906976,77
0.23,0.8125,0.75,0.78,48,0.5064935064935064,0.75,0.6046511627906976,77
0.24,0.8125,0.75,0.78,48,0.5064935064935064,0.75,0.6046511627906976,77
0.25,0.8125,0.75,0.78,48,0.5131578947368421,0.75,0.609375,76
0.26,0.8297872340425532,0.75,0.7878787878787878,47,0.5131578947368421,0.75,0.609375,76
0.27,0.8297872340425532,0.75,0.7878787878787878,47,0.52,0.75,0.6141732283464567,75
0.28,0.8297872340425532,0.75,0.7878787878787878,47,0.527027027027027,0.75,0.6190476190476191,74
0.29,0.8297872340425532,0.75,0.7878787878787878,47,0.527027027027027,0.75,0.6190476190476191,74
0.3,0.8478260869565217,0.75,0.7959183673469388,46,0.527027027027027,0.75,0.6190476190476191,74
0.31,0.8478260869565217,0.75,0.7959183673469388,46,0.5342465753424658,0.75,0.624,73
0.32,0.8478260869565217,0.75,0.7959183673469388,46,0.5492957746478874,0.75,0.6341463414634146,71
0.33,0.8478260869565217,0.75,0.7959183673469388,46,0.5492957746478874,0.75,0.6341463414634146,71
0.34,0.8478260869565217,0.75,0.7959183673469388,46,0.5492957746478874,0.75,0.6341463414634146,71
0.35000000000000003,0.8478260869565217,0.75,0.7959183673469388,46,0.5492957746478874,0.75,0.6341463414634146,71
0.36,0.8478260869565217,0.75,0.7959183673469388,46,0.5571428571428572,0.75,0.639344262295082,70
0.37,0.8478260869565217,0.75,0.7959183673469388,46,0.5571428571428572,0.75,0.639344262295082,70
0.38,0.8666666666666667,0.75,0.8041237113402062,45,0.5652173913043478,0.75,0.6446280991735537,69
0.39,0.8666666666666667,0.75,0.8041237113402062,45,0.5735294117647058,0.75,0.65,68
0.4,0.8666666666666667,0.75,0.8041237113402062,45,0.5735294117647058,0.75,0.65,68
0.41000000000000003,0.8666666666666667,0.75,0.8041237113402062,45,0.5735294117647058,0.75,0.65,68
0.42,0.8666666666666667,0.75,0.8041237113402062,45,0.582089552238806,0.75,0.6554621848739496,67
0.43,0.8666666666666667,0.75,0.8041237113402062,45,0.582089552238806,0.75,0.6554621848739496,67
0.44,0.8666666666666667,0.75,0.8041237113402062,45,0.5909090909090909,0.75,0.6610169491525424,66
0.45,0.8666666666666667,0.75,0.8041237113402062,45,0.5909090909090909,0.75,0.6610169491525424,66
0.46,0.8666666666666667,0.75,0.8041237113402062,45,0.5909090909090909,0.75,0.6610169491525424,66
0.47000000000000003,0.8666666666666667,0.75,0.8041237113402062,45,0.6290322580645161,0.75,0.6842105263157895,62
0.48,0.8666666666666667,0.75,0.8041237113402062,45,0.639344262295082,0.75,0.6902654867256637,61
0.49,0.8666666666666667,0.75,0.8041237113402062,45,0.639344262295082,0.75,0.6902654867256637,61
0.5,0.8666666666666667,0.75,0.8041237113402062,45,0.65,0.75,0.6964285714285714,60
0.51,0.8666666666666667,0.75,0.8041237113402062,45,0.65,0.75,0.6964285714285714,60
0.52,0.8666666666666667,0.75,0.8041237113402062,45,0.6724137931034483,0.75,0.7090909090909091,58
0.53,0.8666666666666667,0.75,0.8041237113402062,45,0.6842105263157895,0.75,0.7155963302752294,57
0.54,0.8666666666666667,0.75,0.8041237113402062,45,0.6842105263157895,0.75,0.7155963302752294,57
0.55,0.8666666666666667,0.75,0.8041237113402062,45,0.6842105263157895,0.75,0.7155963302752294,57
0.56,0.8666666666666667,0.75,0.8041237113402062,45,0.6842105263157895,0.75,0.7155963302752294,57
0.5700000000000001,0.8666666666666667,0.75,0.8041237113402062,45,0.6964285714285714,0.75,0.7222222222222222,56
0.58,0.8666666666666667,0.75,0.8041237113402062,45,0.6964285714285714,0.75,0.7222222222222222,56
0.59,0.8666666666666667,0.75,0.8041237113402062,45,0.6964285714285714,0.75,0.7222222222222222,56
0.6,0.8666666666666667,0.75,0.8041237113402062,45,0.6964285714285714,0.75,0.7222222222222222,56
0.61,0.8666666666666667,0.75,0.8041237113402062,45,0.6964285714285714,0.75,0.7222222222222222,56
0.62,0.8666666666666667,0.75,0.8041237113402062,45,0.6964285714285714,0.75,0.7222222222222222,56
0.63,0.8666666666666667,0.75,0.8041237113402062,45,0.7090909090909091,0.75,0.7289719626168224,55
0.64,0.8666666666666667,0.75,0.8041237113402062,45,0.7090909090909091,0.75,0.7289719626168224,55
0.65,0.8666666666666667,0.75,0.8041237113402062,45,0.7090909090909091,0.75,0.7289719626168224,55
0.66,0.8666666666666667,0.75,0.8041237113402062,45,0.7090909090909091,0.75,0.7289719626168224,55
0.67,0.8863636363636364,0.75,0.8125,44,0.7090909090909091,0.75,0.7289719626168224,55
0.68,0.8863636363636364,0.75,0.8125,44,0.7222222222222222,0.75,0.7358490566037735,54
0.6900000000000001,0.8863636363636364,0.75,0.8125,44,0.7358490566037735,0.75,0.7428571428571429,53
0.7000000000000001,0.8863636363636364,0.75,0.8125,44,0.75,0.75,0.75,52
0.71,0.8863636363636364,0.75,0.8125,44,0.7647058823529411,0.75,0.7572815533980582,51
0.72,0.8863636363636364,0.75,0.8125,44,0.7647058823529411,0.75,0.7572815533980582,51
0.73,0.8863636363636364,0.75,0.8125,44,0.78,0.75,0.7647058823529411,50
0.74,0.8863636363636364,0.75,0.8125,44,0.78,0.75,0.7647058823529411,50
0.75,0.8863636363636364,0.75,0.8125,44,0.78,0.75,0.7647058823529411,50
0.76,0.8863636363636364,0.75,0.8125,44,0.78,0.75,0.7647058823529411,50
0.77,0.8863636363636364,0.75,0.8125,44,0.78,0.75,0.7647058823529411,50
0.78,0.8863636363636364,0.75,0.8125,44,0.78,0.75,0.7647058823529411,50
0.79,0.8863636363636364,0.75,0.8125,44,0.78,0.75,0.7647058823529411,50
0.8,0.9069767441860465,0.75,0.8210526315789474,43,0.78,0.75,0.7647058823529411,50
0.81,0.9069767441860465,0.75,0.8210526315789474,43,0.78,0.75,0.7647058823529411,50
0.8200000000000001,0.9285714285714286,0.75,0.8297872340425532,42,0.78,0.75,0.7647058823529411,50
0.8300000000000001,0.9285714285714286,0.75,0.8297872340425532,42,0.78,0.75,0.7647058823529411,50
0.84,0.9285714285714286,0.75,0.8297872340425532,42,0.7959183673469388,0.75,0.7722772277227723,49
0.85,0.9285714285714286,0.75,0.8297872340425532,42,0.7959183673469388,0.75,0.7722772277227723,49
0.86,0.9285714285714286,0.75,0.8297872340425532,42,0.8125,0.75,0.78,48
0.87,0.9512195121951219,0.75,0.8387096774193549,41,0.8297872340425532,0.75,0.7878787878787878,47
0.88,0.9512195121951219,0.75,0.8387096774193549,41,0.8297872340425532,0.75,0.7878787878787878,47
0.89,0.9512195121951219,0.75,0.8387096774193549,41,0.8297872340425532,0.75,0.7878787878787878,47
0.9,0.9512195121951219,0.75,0.8387096774193549,41,0.8478260869565217,0.75,0.7959183673469388,46
0.91,0.9512195121951219,0.75,0.8387096774193549,41,0.8478260869565217,0.75,0.7959183673469388,46
0.92,0.9512195121951219,0.75,0.8387096774193549,41,0.8478260869565217,0.75,0.7959183673469388,46
0.93,0.9487179487179487,0.7115384615384616,0.8131868131868132,39,0.8478260869565217,0.75,0.7959183673469388,46
0.9400000000000001,0.9487179487179487,0.7115384615384616,0.8131868131868132,39,0.8863636363636364,0.75,0.8125,44
0.9500000000000001,0.9473684210526315,0.6923076923076923,0.8,38,0.9069767441860465,0.75,0.8210526315789474,43
0.96,0.972972972972973,0.6923076923076923,0.8089887640449438,37,0.9512195121951219,0.75,0.8387096774193549,41
0.97,0.972972972972973,0.6923076923076923,0.8089887640449438,37,0.9512195121951219,0.75,0.8387096774193549,41
0.98,1.0,0.6923076923076923,0.8181818181818182,36,0.975,0.75,0.8478260869565217,40
0.99,1.0,0.6923076923076923,0.8181818181818182,36,0.975,0.75,0.8478260869565217,40
