Threshold,Alerts,Precision,Recall,F1
0.01,93,0.5268817204301075,0.875,0.6577181208053692
0.02,72,0.6666666666666666,0.8571428571428571,0.75
0.03,67,0.7164179104477612,0.8571428571428571,0.7804878048780488
0.04,60,0.7666666666666667,0.8214285714285714,0.7931034482758621
0.05,59,0.7796610169491526,0.8214285714285714,0.8
0.06,58,0.7931034482758621,0.8214285714285714,0.8070175438596491
0.07,56,0.8214285714285714,0.8214285714285714,0.8214285714285714
0.08,56,0.8214285714285714,0.8214285714285714,0.8214285714285714
0.09,54,0.8518518518518519,0.8214285714285714,0.8363636363636363
0.1,54,0.8518518518518519,0.8214285714285714,0.8363636363636363
0.11,54,0.8518518518518519,0.8214285714285714,0.8363636363636363
0.12,54,0.8518518518518519,0.8214285714285714,0.8363636363636363
0.13,54,0.8518518518518519,0.8214285714285714,0.8363636363636363
0.14,54,0.8518518518518519,0.8214285714285714,0.8363636363636363
0.15,54,0.8518518518518519,0.8214285714285714,0.8363636363636363
0.16,54,0.8518518518518519,0.8214285714285714,0.8363636363636363
0.17,53,0.8490566037735849,0.8035714285714286,0.8256880733944955
0.18,53,0.8490566037735849,0.8035714285714286,0.8256880733944955
0.19,52,0.8461538461538461,0.7857142857142857,0.8148148148148148
0.2,52,0.8461538461538461,0.7857142857142857,0.8148148148148148
0.21,52,0.8461538461538461,0.7857142857142857,0.8148148148148148
0.22,52,0.8461538461538461,0.7857142857142857,0.8148148148148148
0.23,52,0.8461538461538461,0.7857142857142857,0.8148148148148148
0.24,52,0.8461538461538461,0.7857142857142857,0.8148148148148148
0.25,52,0.8461538461538461,0.7857142857142857,0.8148148148148148
0.26,52,0.8461538461538461,0.7857142857142857,0.8148148148148148
0.27,52,0.8461538461538461,0.7857142857142857,0.8148148148148148
0.28,51,0.8627450980392157,0.7857142857142857,0.822429906542056
0.29,51,0.8627450980392157,0.7857142857142857,0.822429906542056
0.3,51,0.8627450980392157,0.7857142857142857,0.822429906542056
0.31,51,0.8627450980392157,0.7857142857142857,0.822429906542056
0.32,50,0.88,0.7857142857142857,0.8301886792452831
0.33,50,0.88,0.7857142857142857,0.8301886792452831
0.34,49,0.8979591836734694,0.7857142857142857,0.8380952380952381
0.35000000000000003,49,0.8979591836734694,0.7857142857142857,0.8380952380952381
0.36,49,0.8979591836734694,0.7857142857142857,0.8380952380952381
0.37,49,0.8979591836734694,0.7857142857142857,0.8380952380952381
0.38,49,0.8979591836734694,0.7857142857142857,0.8380952380952381
0.39,49,0.8979591836734694,0.7857142857142857,0.8380952380952381
0.4,49,0.8979591836734694,0.7857142857142857,0.8380952380952381
0.41000000000000003,49,0.8979591836734694,0.7857142857142857,0.8380952380952381
0.42,49,0.8979591836734694,0.7857142857142857,0.8380952380952381
0.43,49,0.8979591836734694,0.7857142857142857,0.8380952380952381
0.44,48,0.9166666666666666,0.7857142857142857,0.8461538461538461
0.45,47,0.9148936170212766,0.7678571428571429,0.8349514563106796
0.46,47,0.9148936170212766,0.7678571428571429,0.8349514563106796
0.47000000000000003,47,0.9148936170212766,0.7678571428571429,0.8349514563106796
0.48,47,0.9148936170212766,0.7678571428571429,0.8349514563106796
0.49,47,0.9148936170212766,0.7678571428571429,0.8349514563106796
0.5,47,0.9148936170212766,0.7678571428571429,0.8349514563106796
0.51,47,0.9148936170212766,0.7678571428571429,0.8349514563106796
0.52,46,0.9347826086956522,0.7678571428571429,0.8431372549019608
0.53,46,0.9347826086956522,0.7678571428571429,0.8431372549019608
0.54,46,0.9347826086956522,0.7678571428571429,0.8431372549019608
0.55,46,0.9347826086956522,0.7678571428571429,0.8431372549019608
0.56,44,0.9772727272727273,0.7678571428571429,0.86
0.5700000000000001,43,0.9767441860465116,0.75,0.8484848484848485
0.58,43,0.9767441860465116,0.75,0.8484848484848485
0.59,43,0.9767441860465116,0.75,0.8484848484848485
0.6,43,0.9767441860465116,0.75,0.8484848484848485
0.61,43,0.9767441860465116,0.75,0.8484848484848485
0.62,43,0.9767441860465116,0.75,0.8484848484848485
0.63,43,0.9767441860465116,0.75,0.8484848484848485
0.64,43,0.9767441860465116,0.75,0.8484848484848485
0.65,43,0.9767441860465116,0.75,0.8484848484848485
0.66,43,0.9767441860465116,0.75,0.8484848484848485
0.67,43,0.9767441860465116,0.75,0.8484848484848485
0.68,43,0.9767441860465116,0.75,0.8484848484848485
0.6900000000000001,43,0.9767441860465116,0.75,0.8484848484848485
0.7000000000000001,43,0.9767441860465116,0.75,0.8484848484848485
0.71,43,0.9767441860465116,0.75,0.8484848484848485
0.72,43,0.9767441860465116,0.75,0.8484848484848485
0.73,43,0.9767441860465116,0.75,0.8484848484848485
0.74,43,0.9767441860465116,0.75,0.8484848484848485
0.75,43,0.9767441860465116,0.75,0.8484848484848485
0.76,43,0.9767441860465116,0.75,0.8484848484848485
0.77,43,0.9767441860465116,0.75,0.8484848484848485
0.78,43,0.9767441860465116,0.75,0.8484848484848485
0.79,43,0.9767441860465116,0.75,0.8484848484848485
0.8,43,0.9767441860465116,0.75,0.8484848484848485
0.81,43,0.9767441860465116,0.75,0.8484848484848485
0.8200000000000001,43,0.9767441860465116,0.75,0.8484848484848485
0.8300000000000001,43,0.9767441860465116,0.75,0.8484848484848485
0.84,43,0.9767441860465116,0.75,0.8484848484848485
0.85,43,0.9767441860465116,0.75,0.8484848484848485
0.86,43,0.9767441860465116,0.75,0.8484848484848485
0.87,43,0.9767441860465116,0.75,0.8484848484848485
0.88,43,0.9767441860465116,0.75,0.8484848484848485
0.89,43,0.9767441860465116,0.75,0.8484848484848485
0.9,43,0.9767441860465116,0.75,0.8484848484848485
0.91,43,0.9767441860465116,0.75,0.8484848484848485
0.92,43,0.9767441860465116,0.75,0.8484848484848485
0.93,43,0.9767441860465116,0.75,0.8484848484848485
0.9400000000000001,43,0.9767441860465116,0.75,0.8484848484848485
0.9500000000000001,43,0.9767441860465116,0.75,0.8484848484848485
0.96,43,0.9767441860465116,0.75,0.8484848484848485
0.97,41,0.975609756097561,0.7142857142857143,0.8247422680412371
0.98,40,1.0,0.7142857142857143,0.8333333333333334
0.99,38,1.0,0.6785714285714286,0.8085106382978723
